Model,RMSE,MAE,R2
LightGBM+Flags,12.556955684854858,6.488911198450386,0.9969003797457162
CatBoost+Flags,13.154257328689951,8.06551281090521,0.996598484660151
HistGB+Flags,18.351175123325547,10.269520918597799,0.9933798546272169
RandomForest+Flags,24.627210698737862,13.270229953000735,0.988077420719773
