Model,RMSE,MAE,R2,Round
LightGBM,12.869894752693662,6.407597709863597,0.9967439598038881,Baseline
CatBoost,13.226474657258013,8.224581481647615,0.9965610332626678,Baseline
HistGB,18.341642795431515,10.411294204409085,0.9933867303729119,Baseline
RandomForest,24.18690245435982,12.696718042337576,0.9884999355797209,Baseline
LightGBM+Flags,12.556955684854858,6.488911198450386,0.9969003797457162,WithFlags
CatBoost+Flags,13.154257328689951,8.06551281090521,0.996598484660151,WithFlags
HistGB+Flags,18.351175123325547,10.269520918597799,0.9933798546272169,WithFlags
RandomForest+Flags,24.627210698737862,13.270229953000735,0.988077420719773,WithFlags
